telescope,z,variance_mK2,mode_count,peak_kperp,peak_density,peak_group_fraction,peak_zero_edge_gap
ska_mid1_interferom,0.3600044031831422,0.02074458122348018,33873264,0.2355275694930816,0.0011563395785140305,0.0008665474000544251,1651.9462305019579
ska_mid1_interferom,0.36025437221080814,0.020814553892841287,33927664,0.2355275694930816,0.0011570825463795304,0.0008647346080476734,1650.6088353487057
ska_mid1_interferom,0.36050434123847414,0.020883507919535593,33980464,0.2355275694930816,0.0011578258798866474,0.000862976589958888,1649.2733776883704
ska_mid1_interferom,0.3607543102661401,0.020961190187297144,34044464,0.2355275694930816,0.0011585695791418678,0.0008608720593816571,1647.939853443387
ska_mid1_interferom,0.361004279293806,0.02102444035398673,34089264,0.2355275694930816,0.0011593136442516747,0.0008593731072056936,1646.6082585475322
ska_mid1_interferom,0.36125424832147196,0.021078052167389106,34121264,0.2355275694930816,0.001160058075322558,0.0008582759598721744,1645.2785889458685
ska_mid1_interferom,0.36150421734913796,0.02115642380128913,34185488,0.2355275694930816,0.0011608028724610052,0.0008561817249021086,1643.9508405947145
ska_mid1_interferom,0.3617541863768039,0.021212850420295318,34220864,0.2355275694930816,0.0011615480357735082,0.0008549870558964813,1642.625009461596
ska_mid1_interferom,0.36200415540446984,0.02128425268836944,34275536,0.2355275694930816,0.0011622935653665615,0.0008531985139822487,1641.3010915252194
ska_mid1_interferom,0.3622541244321358,0.02135583359608331,34330208,0.2355275694930816,0.0011630394613466582,0.0008514153308705628,1639.9790827754293
ska_mid1_interferom,0.3625040934598018,0.021444984078531935,34407392,0.2355275694930816,0.0011637857238202967,0.0008489484786622239,1638.6589792131645
ska_mid1_interferom,0.3627540624874677,0.021497074283995027,34436336,0.2355275694930816,0.0011645323528939745,0.0008479619115228864,1637.3407768504255
ska_mid1_interferom,0.36300403151513366,0.021559249391955845,34478144,0.2355275694930816,0.0011652793486741943,0.0008465844320335795,1636.0244717102294
ska_mid1_interferom,0.36325400054279966,0.021621598713857427,34519952,0.2355275694930816,0.0011660267112674576,0.0008452085778877759,1634.7100598265868
ska_mid1_interferom,0.3635039695704656,0.021694098259724105,34574624,0.2355275694930816,0.0011667744407802688,0.0008434463315138189,1633.3975372444472
ska_mid1_interferom,0.36375393859813154,0.021759269940478367,34619648,0.2355275694930816,0.0011675225373191343,0.0008419797916663122,1632.0869000196717
ska_mid1_interferom,0.3640039076257975,0.02183978303431005,34684160,0.2355275694930816,0.001168271000990562,0.0008399320909560616,1630.7781442189894
ska_mid1_interferom,0.3642538766534635,0.021910453371557642,34735872,0.2355275694930816,0.0011690198319010638,0.0008382763446726939,1629.4712659199615
ska_mid1_interferom,0.3645038456811294,0.021980032382152834,34785968,0.2355275694930816,0.0011697690301571498,0.000836673287932253,1628.1662612109526
ska_mid1_interferom,0.36475381470879537,0.022046030133440957,34831216,0.2355275694930816,0.0011705185958653345,0.0008352165043294909,1626.86312619108
ska_mid1_interferom,0.36500378373646136,0.02210708668125143,34870000,0.2355275694930816,0.0011712685291321346,0.0008339552742925963,1625.5618569701828
ska_mid1_interferom,0.3652537527641273,0.022192531298243452,34939488,0.2355275694930816,0.0011720188300640682,0.0008317864082989039,1624.2624496687874
ska_mid1_interferom,0.36550372179179325,0.02224880569899864,34971808,0.2355275694930816,0.0011727694987676526,0.000830722401627637,1622.9649004180783
ska_mid1_interferom,0.3657536908194592,0.022315461627103034,35017056,0.2355275694930816,0.0011735205353494082,0.0008292782847986677,1621.6692053598488
ska_mid1_interferom,0.3660036598471252,0.022392522060475498,35075232,0.2355275694930816,0.001174271939915858,0.0008274586114124182,1620.3753606464663
ska_mid1_interferom,0.3662536288747911,0.022464647368839023,35126944,0.2355275694930816,0.0011750237125735265,0.0008258332924304134,1619.083362440837
ska_mid1_interferom,0.36650359790245707,0.022540805014733056,35183504,0.2355275694930816,0.0011757758534289443,0.0008240714203946772,1617.7932069163612
ska_mid1_interferom,0.366753566930123,0.022605721379181376,35225728,0.2355275694930816,0.0011765283625886414,0.0008227308214632616,1616.5048902569094
ska_mid1_interferom,0.367003535957789,0.022678543932400753,35277696,0.2355275694930816,0.0011772812401591526,0.0008211120296428207,1615.2184086567777
ska_mid1_interferom,0.36725350498545495,0.02273597329181177,35310176,0.2355275694930816,0.0011780344862470137,0.0008200589221518975,1613.9337583206627
ska_mid1_interferom,0.3675034740131209,0.022806556624122065,35358896,0.2355275694930816,0.0011787881009587534,0.0008185392281510059,1612.6509354636587
ska_mid1_interferom,0.3677534430407869,0.022877312473461774,35407616,0.2355275694930816,0.001179542084400896,0.0008170232305630639,1611.3699363112094
ska_mid1_interferom,0.36800341206845283,0.02295087267280915,35459584,0.2355275694930816,0.0011802964366799664,0.0008154174124653135,1610.090757099054
ska_mid1_interferom,0.36825338109611877,0.023015434070881607,35500184,0.2355275694930816,0.0011810511579024956,0.0008141405279093849,1608.81339407318
ska_mid1_interferom,0.3685033501237847,0.02310636383238239,35573264,0.2355275694930816,0.0011818062481750169,0.0008119436351348763,1607.5378434897812
ska_mid1_interferom,0.3687533191514507,0.023169987732321456,35612240,0.2355275694930816,0.0011825617076040836,0.0008107187461705463,1606.2641016151747
ska_mid1_interferom,0.36900328817911665,0.023236382029332966,35654464,0.2355275694930816,0.0011833175362962513,0.0008094045230173845,1604.992164725828
ska_mid1_interferom,0.3692532572067826,0.023297705456581705,35690240,0.2355275694930816,0.001184073734358078,0.0008082741454269312,1603.7220291083236
ska_mid1_interferom,0.36950322623444853,0.02336985970879047,35739200,0.2355275694930816,0.0011848303018961235,0.0008067760952510923,1602.4536910593267
ska_mid1_interferom,0.36975319526211453,0.023452822424523664,35801216,0.2355275694930816,0.0011855872390169428,0.0008049166086410991,1601.1871468855836
ska_mid1_interferom,0.3700031642897805,0.023514678017280813,35837120,0.2355275694930816,0.0011863445458270888,0.0008037915436398357,1599.9223929038703
ska_mid1_interferom,0.3702531333174464,0.02358468646727598,35882816,0.2355275694930816,0.0011871022224331147,0.0008023953738112036,1598.6594254409445
ska_mid1_interferom,0.3705031023451124,0.023669559248349438,35946464,0.2355275694930816,0.0011878602689415793,0.0008005049017224752,1597.3982408335062
ska_mid1_interferom,0.37075307137277835,0.023737278376260385,35988896,0.2355275694930816,0.0011885973641744484,0.0007992198598641372,1596.1388354281762
ska_mid1_interferom,0.3710030404004443,0.02381993525467244,36049280,0.2355275694930816,0.0011893027100562982,0.0007974637423086677,1594.8812055814594
ska_mid1_interferom,0.37125300942811024,0.023882628895325633,36085184,0.2355275694930816,0.0011900083783230636,0.0007963854378150558,1593.625347659706
ska_mid1_interferom,0.37150297845577623,0.02395085301094409,36127616,0.2355275694930816,0.001190714369063801,0.0007951296665992006,1592.3712580390782
ska_mid1_interferom,0.3717529474834422,0.02401922988486105,36170048,0.2355275694930816,0.0011914206823675682,0.0007938765104670327,1591.1189331055225
ska_mid1_interferom,0.3720029165111081,0.024087791172366896,36212480,0.2355275694930816,0.0011921273183234241,0.0007926249291102124,1589.8683692547359
ska_mid1_interferom,0.3722528855387741,0.024153900715748543,36251840,0.2355275694930816,0.00119283427702043,0.0007914613082380668,1588.619562892129
ska_mid1_interferom,0.37250285456644006,0.02425561663286409,36333840,0.2355275694930816,0.0011935415585476478,0.0007891444260685523,1587.3725104327968
ska_mid1_interferom,0.372752823594106,0.02432072275691007,36371560,0.2355275694930816,0.0011942491629941421,0.0007880318515872241,1586.1272083014837
ska_mid1_interferom,0.37300279262177194,0.024390108578317672,36414200,0.2355275694930816,0.0011949570904489777,0.0007867876582142042,1584.8836529325538
ska_mid1_interferom,0.37325276164943794,0.024445953834768976,36440440,0.2355275694930816,0.0011956653410012232,0.0007859861582144859,1583.6418407699566
ska_mid1_interferom,0.3735027306771039,0.024529393847996094,36499480,0.2355275694930816,0.0011963739147399456,0.0007843055184801889,1582.4017682671997
ska_mid1_interferom,0.3737526997047698,0.024602049117567228,36545400,0.2355275694930816,0.0011970828117542154,0.0007829798720641992,1581.1634318873096
ska_mid1_interferom,0.37400266873243576,0.024673503976073173,36589680,0.2355275694930816,0.0011977920321331048,0.0007817005757800464,1579.9268281028
ska_mid1_interferom,0.37425263776010176,0.02474926812944386,36638880,0.2355275694930816,0.0011985015759656864,0.0007802932933304791,1578.6919533956504
ska_mid1_interferom,0.3745026067877677,0.0248279729558442,36691360,0.2355275694930816,0.0011992114433410337,0.0007788028573302351,1577.458804257266
ska_mid1_interferom,0.37475257581543364,0.02490272194364526,36738920,0.2355275694930816,0.0011999216343482242,0.0007774458283361718,1576.2273771884431
ska_mid1_interferom,0.37500254484309964,0.024973602727894048,36781736,0.2355275694930816,0.0012006321490763356,0.000776217639497733,1574.997668699343
ska_mid1_interferom,0.3752525138707656,0.025047485825823963,36827880,0.2355275694930816,0.001201342987614447,0.0007749040130666097,1573.7696753094629
ska_mid1_interferom,0.3755024828984315,0.025127150530306216,36880616,0.2355275694930816,0.0012020541500516377,0.0007734206166148075,1572.543393547604
ska_mid1_interferom,0.37575245192609746,0.02518454081396619,36906984,0.2355275694930816,0.0012027656364769917,0.0007726298453072688,1571.3188199518324
ska_mid1_interferom,0.37600242095376346,0.025258939039381745,36953128,0.2355275694930816,0.0012034774469795928,0.0007713234548944236,1570.095951069457
ska_mid1_interferom,0.3762523899814294,0.025333520115902838,36999272,0.2355275694930816,0.0012041895816485245,0.0007700196783827404,1568.8747834569967
ska_mid1_interferom,0.37650235900909534,0.025405446181071517,37042120,0.2355275694930816,0.0012049020405728742,0.0007688043887773817,1567.65531368015
ska_mid1_interferom,0.3767523280367613,0.0254888623379392,37098152,0.2355275694930816,0.001205614823841731,0.0007672504325419848,1566.4375383137615
ska_mid1_interferom,0.3770022970644273,0.025575339565996863,37157480,0.2355275694930816,0.001206327931544184,0.000765615461271443,1565.2214539417957
ska_mid1_interferom,0.3772522660920932,0.025647852837009013,37200328,0.2355275694930816,0.0012070413637693238,0.0007644079556023909,1564.007057157304
ska_mid1_interferom,0.37750223511975917,0.025706305537532614,37226696,0.2355275694930816,0.001207755120606245,0.0007636252000732833,1562.7943445623932
ska_mid1_interferom,0.37775220414742516,0.02578198311426082,37272840,0.2355275694930816,0.00120846920214404,0.0007623368293930717,1561.5833127682035
ska_mid1_interferom,0.3780021731750911,0.025852255074821574,37312584,0.2355275694930816,0.0012091836084718042,0.0007612156212552266,1560.3739583948695
ska_mid1_interferom,0.37825214220275705,0.02592843338448747,37358952,0.2355275694930816,0.0012098983396786362,0.0007599278308037658,1559.166278071492
ska_mid1_interferom,0.378502111230423,0.026016322962219222,37418568,0.2355275694930816,0.001210613395853635,0.0007583065630317446,1557.9602684361096
ska_mid1_interferom,0.378752080258089,0.026084221668859653,37455000,0.2355275694930816,0.0012113287770859002,0.0007572766242836988,1556.755926135674
ska_mid1_interferom,0.3790020492857549,0.026165280253614205,37506336,0.2355275694930816,0.0012120444834645323,0.0007558721555186165,1555.5532478260159
ska_mid1_interferom,0.37925201831342087,0.026245101026914363,37556016,0.2355275694930816,0.0012127605150786364,0.0007545124242394766,1554.3522301718122
ska_mid1_interferom,0.37950198734108687,0.026307746190153906,37585824,0.2355275694930816,0.001213476872017317,0.0007536531342880698,1553.1528698465613
ska_mid1_interferom,0.3797519563687528,0.026387950575434256,37635504,0.2355275694930816,0.001214193554369679,0.0007522974714795783,1551.9551635325581
ska_mid1_interferom,0.38000192539641875,0.026456746849052054,37671936,0.2355275694930816,0.0012149105622248316,0.0007512743073586248,1550.7591079208562
chime_icyl,1.2627117181444039,0.15067922110422965,66527104,0.35435194543294607,0.04012129968052341,0.001398450576853018,0.29018644795254617
chime_icyl,1.2629617160363704,0.15140594466654952,66539152,0.35433777787220105,0.042015390559880336,0.001337114425051619,0.29018791062940724
chime_icyl,1.2632117139283368,0.1520482479069039,66539152,0.35433777787220105,0.044567141772154685,0.0012561928119643488,0.2902035339471104
chime_icyl,1.2634617118203033,0.15273916158223388,66541160,0.35433777787220105,0.047120130263940595,0.0011836632720151345,0.29021915034930007
chime_icyl,1.2637117097122696,0.1534147588420422,66541160,0.35433777787220105,0.04967435627027361,0.0011187116688430978,0.29023475984036223
chime_icyl,1.2639617076042362,0.1541107724209696,66541160,0.35433777787220105,0.052229820026197506,0.001059981980053178,0.29025036242467905
chime_icyl,1.2642117054962025,0.15488534864787035,66549192,0.3455147058147569,0.07921777632603634,0.001020006327238158,0.2814428860491851
chime_icyl,1.264461703388169,0.155570021212966,66549192,0.3455147058147569,0.07408542039209189,0.0010866997070176831,0.2814584748331437
chime_icyl,1.2647117012801357,0.15629791201199317,66549192,0.3455147058147569,0.06895056388572599,0.0011630798238618505,0.2814740567234821
chime_icyl,1.264961699172102,0.15701508033782868,66553208,0.3455147058147569,0.06493354121999878,0.0012303320206205727,0.2814896317245683
chime_icyl,1.2652116970640686,0.1577423371878755,66561240,0.3455147058147569,0.069185606786663,0.0011502731078570632,0.2815051998407666
chime_icyl,1.2654616949560349,0.15847003148671057,66561240,0.3565974278932744,0.038692165940811915,0.001174399462168842,0.29260348315495516
chime_icyl,1.2657116928480014,0.15923182239118558,66561240,0.3565974278932744,0.03598379836486411,0.0012577121655211782,0.29261903751445606
chime_icyl,1.2659616907399678,0.15999413326050155,66561240,0.3565974278932744,0.03327411231117199,0.0013546891376305169,0.29263458500214035
chime_icyl,1.2662116886319343,0.16080384535923342,66561240,0.3565974278932744,0.030563107529204894,0.001468548346753971,0.2926501256223578
chime_icyl,1.266461686523901,0.1616511623607738,66565256,0.35996030713001353,0.020973257571319136,0.0014663082574162818,0.2960285386161941
chime_icyl,1.2667116844158672,0.16246212211167638,66565256,0.35996030713001353,0.021538937558116086,0.0014217574254544044,0.2960440655145137
chime_icyl,1.2669616823078338,0.16333167064522494,66569272,0.35996030713001353,0.022673446324619338,0.0013444535894569544,0.29605958555839507
chime_icyl,1.2672116801998001,0.16419284748337354,66569272,0.35996030713001353,0.02380850391947098,0.0012746155682695924,0.2960750987521739
chime_icyl,1.2674616780917667,0.1650689467167006,66569272,0.3330862830898876,0.11011228531051967,0.0012545757508290285,0.26921658106005625
chime_icyl,1.2677116759837332,0.16599637419729787,66569272,0.3330862830898876,0.10401145174373033,0.001321752109022396,0.2692320805666226
chime_icyl,1.2679616738756996,0.16695702090308942,66569272,0.3558222917712744,0.03594816745706784,0.0012934948246880787,0.2919835819174588
chime_icyl,1.2682116717676661,0.1679727975410159,66573288,0.3558222917712744,0.03323790454815493,0.001391570315488517,0.29199906775411266
chime_icyl,1.2684616696596325,0.16896366398108956,66573288,0.3558222917712744,0.03052632412101535,0.0015074450075039318,0.2920145467622889
chime_icyl,1.268711667551599,0.16994955443044685,66573288,0.35874490588698066,0.030903535938971848,0.0015161098145415168,0.29495263306200825
chime_icyl,1.2689616654435654,0.1709407946142175,66577304,0.35874490588698066,0.02890929285679821,0.0016125275193121752,0.294968098426169
chime_icyl,1.269211663335532,0.17194914199399247,66583328,0.35874490588698066,0.026914080325864197,0.001723225745692476,0.29498355697478473
chime_icyl,1.2694616612274985,0.17294184922807188,66583328,0.35874490588698066,0.024917898162255887,0.001852002580224034,0.29499900871215917
chime_icyl,1.2697116591194648,0.17400732779618694,66583328,0.35874490588698066,0.02292074618205685,0.002002571883349819,0.29501445364259254
chime_icyl,1.2699616570114314,0.17510012749710246,66583328,0.35874490588698066,0.0209226242013543,0.0021817905140650413,0.2950298917703815
chime_icyl,1.2702116549033977,0.17620702650036696,66583328,0.35874490588698066,0.0216674943891681,0.00209514924111982,0.2950453230998193
chime_icyl,1.2704616527953643,0.17737958311819035,66591360,0.35874490588698066,0.02280238644351587,0.0019792201865116974,0.29506074763519563
chime_icyl,1.2707116506873306,0.17841727062559082,66591360,0.35874490588698066,0.023937826544689293,0.0018758044035966292,0.2950761653807965
chime_icyl,1.2709616485792972,0.17952977504905426,66595376,0.35874490588698066,0.02507381479640433,0.0017810795762318056,0.2950915763409048
chime_icyl,1.2712116464712637,0.18061322138599284,66599392,0.35874490588698066,0.026210351302372002,0.00169491865660365,0.29510698051979956
chime_icyl,1.27146164436323,0.18167261695336023,66599392,0.35874490588698066,0.02734743616629846,0.001616203783366191,0.2951223779217563
chime_icyl,1.2717116422551966,0.18279879119099882,66599392,0.35874490588698066,0.02848506949190404,0.0015432721694256623,0.2951377685510471
chime_icyl,1.271961640147163,0.1839130772882898,66599392,0.35874490588698066,0.02962325138290767,0.0014761097937857552,0.29515315241194084
chime_icyl,1.2722116380391295,0.1850700124452371,66599392,0.35874490588698066,0.03076198194303753,0.001413658310428371,0.2951685295087027
chime_icyl,1.2724616359310958,0.1862490995634491,66599392,0.34293331757295753,0.06902526775848082,0.0014293154777497332,0.27937231153157127
chime_icyl,1.2727116338230624,0.1874499648710852,66599392,0.35435194543294607,0.030918288738906,0.001503980145192493,0.29080630297283966
chime_icyl,1.272961631715029,0.188590643146036,66599392,0.35433777787220105,0.031649700579245856,0.0014692497310165897,0.29080749224201735
chime_icyl,1.2732116296069953,0.1900505345014345,66603408,0.06351562492955704,0.04431012763349518,0.0014300059637272833,6.893821901943209e-07
chime_icyl,1.2734616274989619,0.1910695005356025,66603408,0.35433777787220105,0.03533955026764667,0.001300751062423569,0.290838185664793
chime_icyl,1.2737116253909282,0.1924523949994019,66603408,0.35433777787220105,0.037185809960135735,0.0012282210646495813,0.2908535222661378
chime_icyl,1.2739616232828948,0.19384137199368268,66603408,0.35874490588698066,0.034181785854136226,0.001221147061804385,0.295275980147889
chime_icyl,1.274211621174861,0.19531377248086335,66603408,0.360740468165931,0.01134102268364719,0.0012853512259640106,0.29728686556367473
chime_icyl,1.2744616190668276,0.19691754762209934,66611440,0.3605957087427002,0.011671390423213438,0.0012998903703152428,0.2971574225513768
chime_icyl,1.2747116169587942,0.19850792545842483,66611440,0.3605957087427002,0.011488694322052549,0.001310978432900808,0.29717273224063734
chime_icyl,1.2749616148507605,0.200096646991043,66611440,0.35996030713001353,0.0185084783210562,0.0013775790917306793,0.2965526335997656
chime_icyl,1.275211612742727,0.2017925899788195,66611440,0.35996030713001353,0.01722615807512288,0.0014688033661177428,0.2965679298583581
chime_icyl,1.2754616106346934,0.20356463665106594,66611440,0.35996030713001353,0.015943216520732162,0.0015743787085768476,0.2965832194079482
chime_icyl,1.27571160852666,0.20537794664851158,66619472,0.35996030713001353,0.014659653540371702,0.0016984004971252297,0.2965985022527528
chime_icyl,1.2759616064186263,0.20717886490738743,66619472,0.35996030713001353,0.013375469016522644,0.0018466867811978034,0.29661377839698544
chime_icyl,1.2762116043105929,0.20914781824451947,66619472,0.35996030713001353,0.012090662831663655,0.002025229753394153,0.2966290478448561
chime_icyl,1.2764616022025594,0.21114582187506536,66623488,0.35996030713001353,0.011373930189881568,0.0021340996147897976,0.29664431060057145
chime_icyl,1.2767116000945258,0.21311516033010064,66623488,0.35996030713001353,0.01179958951882175,0.0020396536856112733,0.29665956666833454
chime_icyl,1.2769615979864923,0.21506989197224766,66623488,0.35996030713001353,0.012225453497650638,0.001952194013458065,0.2966748160523451
chime_icyl,1.2772115958784587,0.21708191353384376,66627504,0.35996030713001353,0.012651522164964185,0.0018703849264201037,0.2966900587567993
chime_icyl,1.2774615937704252,0.21917084795019595,66631520,0.35996030713001353,0.01307779555935417,0.001793535095586776,0.29670529478589
chime_icyl,1.2777115916623916,0.22111929901158717,66631040,0.35996030713001353,0.013504273719414239,0.001722896056292046,0.2967205241438061
chime_icyl,1.2779615895543581,0.22299666478689603,66630192,0.35874490588698066,0.021176085748157318,0.0017343876207581465,0.2955203455917008
chime_icyl,1.2782115874463247,0.22456991387766903,66628048,0.35874490588698066,0.019894631527459933,0.0018345620195070313,0.2955355616198221
chime_icyl,1.278461585338291,0.2263771806351912,66634352,0.35874490588698066,0.018612557126939412,0.001946752685168522,0.2955507709893159
chime_icyl,1.2787115832302576,0.2279452680695136,66632192,0.35874490588698066,0.01732986242948466,0.0020780372611772127,0.2955659737043579
chime_icyl,1.278961581122224,0.22947657820322026,66629968,0.35874490588698066,0.016046547317987662,0.0022309434700749603,0.29558116976912013
chime_icyl,1.2792115790141905,0.23113697522687268,66627744,0.35874490588698066,0.014762611675338676,0.0024093803703211527,0.2955963591877714
chime_icyl,1.279461576906157,0.23308198279562292,66634000,0.35874490588698066,0.013478055384410253,0.002618975630152915,0.2956115419644771
chime_icyl,1.2797115747981234,0.23426388393497152,66630944,0.35874490588698066,0.012192878328082832,0.0028826052859359987,0.2956267181033993
chime_icyl,1.27996157269009,0.23598854204500253,66628912,0.35874490588698066,0.011386402227781166,0.0030665399808829314,0.2956418876086967
chime_icyl,1.2802115705820563,0.23735300454459737,66625216,0.35874490588698066,0.011812187813727313,0.002941238593482353,0.29565705048452445
chime_icyl,1.2804615684740228,0.23889478165262878,66621840,0.35874490588698066,0.01223817775502631,0.0028226766334360307,0.2956722067350345
chime_icyl,1.2807115663659892,0.2400536317666573,66617488,0.35874490588698066,0.012664372090142952,0.0027165754535320615,0.29568735636437526
chime_icyl,1.2809615642579557,0.24120130661970168,66613536,0.35874490588698066,0.013090770857545234,0.0026175679006389466,0.2957024993766919
chime_icyl,1.2812115621499223,0.24264289894925514,66610016,0.35874490588698066,0.01351737409570436,0.002521807803530034,0.2957176357761261
chime_icyl,1.2814615600418886,0.24372847923529764,66605424,0.35874490588698066,0.013944181843089197,0.0024355755681616954,0.2957327655668164
chime_icyl,1.2817115579338552,0.24464720053290379,66600016,0.35874490588698066,0.014371194138169969,0.0023561166700978024,0.2957478887528977
chime_icyl,1.2819615558258215,0.24669472327996883,66598256,0.35996030713001353,0.009000264579257677,0.00234714600684879,0.2969784065815346
chime_icyl,1.282211553717788,0.24699067858220855,66590440,0.35996030713001353,0.008144225202105088,0.002592709036754947,0.2969935165707897
chime_icyl,1.2824615516097544,0.24849209241484238,66586376,0.35996030713001353,0.00728777277545262,0.0028820768050673256,0.2970086199678207
chime_icyl,1.282711549501721,0.24955754976911595,66584632,0.35996030713001353,0.0064309072214798445,0.003254608611485956,0.2970237167767492
hirax_interferom,0.7827191020928052,0.014456950348655424,68805408,0.10533113119236721,0.5914392206276623,0.0004106807620775793,
hirax_interferom,0.7829690956780687,0.01446702635452178,68805408,0.10533113119236721,0.5916051092167286,0.00041068132121329347,
hirax_interferom,0.7832190892633322,0.014477106123890715,68805408,0.10533113119236721,0.5917710210669898,0.0004106818803409795,
hirax_interferom,0.7834690828485957,0.014487189657000202,68805408,0.10533113119236721,0.5919369561784452,0.00041068243946062354,
hirax_interferom,0.7837190764338593,0.01449727695408843,68805408,0.10533113119236721,0.5921029145510947,0.0004106829985722109,
hirax_interferom,0.7839690700191229,0.014507368015393773,68805408,0.10533113119236721,0.5922688961849387,0.0004106835576757281,
hirax_interferom,0.7842190636043864,0.014517462841154783,68805408,0.10533113119236721,0.5924349010799773,0.00041068411677116086,
hirax_interferom,0.7844690571896499,0.014527561431610159,68805408,0.10533113119236721,0.5926009292362101,0.00041068467585849534,
hirax_interferom,0.7847190507749134,0.014537663786998839,68805408,0.10533113119236721,0.5927669806536373,0.00041068523493771754,
hirax_interferom,0.784969044360177,0.01454776990755978,68805408,0.10533113119236721,0.5929330553322589,0.0004106857940088131,
hirax_interferom,0.7852190379454405,0.01455787979353228,68805408,0.10533113119236721,0.5930991532720749,0.00041068635307176817,
hirax_interferom,0.785469031530704,0.014567993445155686,68805408,0.10533113119236721,0.5932652744730853,0.000410686912126569,
hirax_interferom,0.7857190251159676,0.014578110862669599,68805408,0.10533113119236721,0.59343141893529,0.00041068747117320155,
hirax_interferom,0.7859690187012311,0.014589316704404668,68809456,0.10533113119236721,0.593597586658689,0.00041065749717821096,
hirax_interferom,0.7862190122864947,0.014599442409007863,68809456,0.10533113119236721,0.5937637776432825,0.0004106580561167522,
hirax_interferom,0.7864690058717582,0.014609571880503743,68809456,0.10533113119236721,0.5939299918890703,0.00041065861504708477,
hirax_interferom,0.7867189994570217,0.014619705119132598,68809456,0.10533113119236721,0.5940962293960526,0.0004106591739691944,
hirax_interferom,0.7869689930422853,0.014629842125134896,68809456,0.10533113119236721,0.5942624901642292,0.0004106597328830676,
hirax_interferom,0.7872189866275487,0.014639982898751371,68809456,0.10533113119236721,0.5944287741936003,0.00041066029178869024,
hirax_interferom,0.7874689802128123,0.014650127440222914,68809456,0.10533113119236721,0.5945950814841656,0.0004106608506860483,
hirax_interferom,0.7877189737980759,0.01466027574979055,68809456,0.10533113119236721,0.5947614120359254,0.0004106614095751286,
hirax_interferom,0.7879689673833394,0.014671518585290054,68813504,0.10533113119236721,0.5949277658488797,0.00041063143769263816,
hirax_interferom,0.788218960968603,0.014681675188661286,68813504,0.10533113119236721,0.5950941429230283,0.0004106319964734339,
hirax_interferom,0.7884689545538665,0.014692927844002859,68817552,0.10533113119236721,0.595260543258371,0.00041060202852518036,
hirax_interferom,0.78871894813913,0.014703092743281595,68817552,0.10533113119236721,0.5954269668549084,0.00041060258719766087,
hirax_interferom,0.7889689417243936,0.014713261412428753,68817552,0.10533113119236721,0.5955934137126401,0.00041060314586179687,
hirax_interferom,0.789218935309657,0.014723433851686148,68817552,0.10533113119236721,0.595759883831566,0.0004106037045175744,
hirax_interferom,0.7894689288949206,0.014733610061295768,68817552,0.10533113119236721,0.5959263772116864,0.00041060426316497995,
hirax_interferom,0.7897189224801842,0.014745982245231284,68825648,0.10533113119236721,0.5960928938530013,0.00041054377945310197,
hirax_interferom,0.7899689160654477,0.014756167514060895,68825648,0.10533113119236721,0.5962594337555106,0.0004105443379004634,
hirax_interferom,0.7902189096507113,0.014766356554535308,68825648,0.10533113119236721,0.5964259969192142,0.0004105448963394144,
hirax_interferom,0.7904689032359747,0.014776549366897165,68825648,0.10533113119236721,0.5965925833441121,0.00041054545476994106,
hirax_interferom,0.7907188968212383,0.014786745951389325,68825648,0.10533113119236721,0.5967591930302043,0.0004105460131920297,
hirax_interferom,0.7909688904065019,0.014796946308254861,68825648,0.10533113119236721,0.5969258259774911,0.00041054657160566696,
hirax_interferom,0.7912188839917653,0.014807150437737542,68825648,0.10533113119236721,0.5970924821859724,0.00041054713001083937,
hirax_interferom,0.7914688775770289,0.014817358340081957,68825648,0.10533113119236721,0.5972591616556476,0.00041054768840753317,
hirax_interferom,0.7917188711622924,0.014827570015532771,68825648,0.10533113119236721,0.5974258643865177,0.0004105482467957348,
hirax_interferom,0.791968864747556,0.014837785464334943,68825648,0.10533113119236721,0.5975925903785818,0.00041054880517543045,
hirax_interferom,0.7922188583328196,0.01484910845963347,68829696,0.10533113119236721,0.5977593396318405,0.00041051884634331375,
hirax_interferom,0.792468851918083,0.014859332217645,68829696,0.10533113119236721,0.5979261121462938,0.0004105194046143659,
hirax_interferom,0.7927188455033466,0.014869559750025836,68829696,0.10533113119236721,0.5980929079219409,0.00041051996287687315,
hirax_interferom,0.7929688390886102,0.014879791057020555,68829696,0.10533113119236721,0.5982597269587827,0.00041052052113082176,
hirax_interferom,0.7932188326738736,0.014890026138873877,68829696,0.10533113119236721,0.598426569256819,0.000410521079376199,
hirax_interferom,0.7934688262591372,0.014900264995830734,68829696,0.10533113119236721,0.5985934348160494,0.0004105216376129902,
hirax_interferom,0.7937188198444007,0.014910507628136222,68829696,0.10533113119236721,0.5987603236364744,0.00041052219584118314,
hirax_interferom,0.7939688134296643,0.0149207540360356,68829696,0.10533113119236721,0.5989272357180937,0.0004105227540607637,
hirax_interferom,0.7942188070149279,0.014931004219774623,68829696,0.10533113119236721,0.5990941710609072,0.00041052331227171867,
hirax_interferom,0.7944688006001913,0.014942368872923325,68833744,0.10533113119236721,0.5992611296649152,0.000410493355491691,
hirax_interferom,0.7947187941854549,0.01495262737343627,68833744,0.10533113119236721,0.5994281115301179,0.0004104939135937906,
hirax_interferom,0.7949687877707184,0.014962889650810378,68833744,0.10533113119236721,0.5995951166565147,0.00041049447168722565,
hirax_interferom,0.7952187813559819,0.01497315570529213,68833744,0.10533113119236721,0.5997621450441059,0.0004104950297719829,
hirax_interferom,0.7954687749412455,0.01498342553712816,68833744,0.10533113119236721,0.5999291966928914,0.00041049558784804946,
hirax_interferom,0.795718768526509,0.014993699146565231,68833744,0.10533113119236721,0.6000962716028716,0.00041049614591541153,
hirax_interferom,0.7959687621117726,0.015003976533850334,68833744,0.10533113119236721,0.6002633697740457,0.00041049670397405586,
hirax_interferom,0.7962187556970362,0.015014257699230605,68833744,0.10533113119236721,0.6004304912064145,0.0004104972620239695,
hirax_interferom,0.7964687492822996,0.015024542642953342,68833744,0.10533113119236721,0.6005976358999776,0.0004104978200651389,
hirax_interferom,0.7967187428675632,0.01503483136526603,68833744,0.10533113119236721,0.6007648038547352,0.00041049837809755107,
hirax_interferom,0.7969687364528267,0.015045123866416363,68833744,0.10533113119236721,0.6009319950706871,0.00041049893612119274,
hirax_interferom,0.7972187300380902,0.015056539336073321,68837792,0.10533113119236721,0.6010992095478331,0.0004104689807039169,
hirax_interferom,0.7974687236233537,0.015066840163165798,68837792,0.10533113119236721,0.6012664472861738,0.0004104695386184421,
hirax_interferom,0.7977187172086173,0.01507714477012358,68837792,0.10533113119236721,0.6014337082857089,0.00041047009652415864,
hirax_interferom,0.7979687107938809,0.015087453157195112,68837792,0.10533113119236721,0.6016009925464382,0.000410470654421053,
hirax_interferom,0.7982187043791444,0.015097765324629026,68837792,0.10533113119236721,0.601768300068362,0.0004104712123091123,
hirax_interferom,0.7984686979644079,0.015108081272674127,68837792,0.10533113119236721,0.6019356308514802,0.00041047177018832315,
hirax_interferom,0.7987186915496715,0.01511952731982902,68841856,0.10533113119236721,0.6021029848957926,0.0004104417502195472,
hirax_interferom,0.798968685134935,0.015129851600827353,68841856,0.10533113119236721,0.6022703622012997,0.00041044230798835803,
hirax_interferom,0.7992186787201985,0.01514130753726817,68845920,0.10533113119236721,0.6024377627680009,0.0004104122919188209,
hirax_interferom,0.799468672305462,0.015151640153363323,68845920,0.10533113119236721,0.6026051865958965,0.00041041284957720446,
hirax_interferom,0.7997186658907256,0.015161976551885073,68845920,0.10533113119236721,0.6027726336849867,0.0004104134072266767,
hirax_interferom,0.7999686594759892,0.015172316733083382,68845920,0.10533113119236721,0.6029401040352711,0.0004104139648672249,
hirax_interferom,0.8002186530612527,0.015182660697208455,68845920,0.10533113119236721,0.60310759764675,0.0004104145224988359,
hirax_interferom,0.8004686466465162,0.01519300844451053,68845920,0.10533113119236721,0.6032751145194233,0.0004104150801214968,
hirax_interferom,0.8007186402317797,0.015203359975240211,68845920,0.10533113119236721,0.6034426546532907,0.00041041563773519486,
hirax_interferom,0.8009686338170433,0.015213715289648117,68845920,0.10533113119236721,0.6036102180483529,0.0004104161953399166,
hirax_interferom,0.8012186274023068,0.015224074387985155,68845920,0.10533113119236721,0.6037778047046088,0.0004104167529356495,
hirax_interferom,0.8014686209875703,0.015234437270502397,68845920,0.10533113119236721,0.6039454146220598,0.0004104173105223804,
hirax_interferom,0.8017186145728339,0.015244803937451121,68845920,0.10533113119236721,0.604113047800705,0.0004104178681000964,
hirax_interferom,0.8019686081580975,0.015255174389082755,68845920,0.10533113119236721,0.6042807042405445,0.0004104184256687847,
hirax_interferom,0.802218601743361,0.015265548625648922,68845920,0.10533113119236721,0.6044483839415783,0.0004104189832284326,
hirax_interferom,0.8024685953286245,0.015275926647401402,68845920,0.10533113119236721,0.6046160869038064,0.00041041954077902657,
hirax_interferom,0.802718588913888,0.015287447244589662,68849984,0.10533113119236721,0.604783813127229,0.0004103895253743174,
tianlai_icyl,0.7123778675891683,0.0005507416954575973,62750688,0.09495411220411307,0.38931284551452044,0.004444230119350852,3.7782045107417894e-05
tianlai_icyl,0.7126278597407445,0.0005484848365881721,62750688,0.09495411220411307,0.8078460556762413,0.0021531369963214524,7.834348915793099e-05
tianlai_icyl,0.7128778518923207,0.0005498385637336017,62754624,0.09485889887619155,0.2441545234943666,0.0035578550173709436,2.366065313813559e-05
tianlai_icyl,0.7131278440438968,0.0005506064967260081,62758560,0.09481655115136851,0.22524532903256939,0.003855909296248816,2.181250187310857e-05
tianlai_icyl,0.713377836195473,0.0005505753299524045,62762496,0.09478477794148962,0.31526514883640633,0.002758779538441008,3.050798096540519e-05
tianlai_icyl,0.7136278283470493,0.0005609730186002771,62774304,0.09472119954779037,0.07618866197374011,0.011218699778909255,7.3674253608796425e-06
tianlai_icyl,0.7138778204986255,0.0005519512731173356,62774304,0.09473179890993935,0.6040941831160568,0.0028793577345169394,5.8373808390813076e-05
tianlai_icyl,0.7141278126502016,0.0005510013345312235,62774304,0.09473179890993935,1.022670842741259,0.0017058203297307748,9.875004567297396e-05
tianlai_icyl,0.7143778048017778,0.0005931093739536845,62782176,0.09459391456368628,0.012552248079425388,0.06463783634635575,1.2111866701941532e-06
tianlai_icyl,0.714627796953354,0.0005625830297096559,62790048,0.09456206654710646,0.10037028929493401,0.017066760874580443,9.677940827845788e-06
tianlai_icyl,0.7148777891049302,0.0005618511994040316,62801856,0.09453020780066447,0.18788462119112725,0.013710678775617102,1.8103282079948158e-05
tianlai_icyl,0.7151277812565063,0.0005557127000587538,62801856,0.09453020780066447,0.6060890126984869,0.0043023424734230445,5.835672014839477e-05
tianlai_icyl,0.7153777734080826,0.0005739213738856334,62809728,0.09443456707355123,0.030544238493359556,0.027590606990736125,2.938814847752713e-06
tianlai_icyl,0.7156277655596588,0.0007134097607975622,62817600,0.09439202897811656,0.006167266047526746,0.22012754019674544,5.929582920227716e-07
tianlai_icyl,0.715877757711235,0.0005593830881973855,62821536,0.09439202897811656,0.4241867105461237,0.004086575192518505,4.0754647512131204e-05
tianlai_icyl,0.7161277498628111,0.0005589222883307148,62825472,0.09433882938589648,0.2883732745859196,0.0030120339024980155,2.768622808145549e-05
tianlai_icyl,0.7163777420143873,0.0005693726516361276,62829408,0.09427495024796413,0.04073169735580205,0.02096046072779611,3.9077796957637245e-06
tianlai_icyl,0.7166277341659635,0.0005582158697223485,62829408,0.09427495024796413,0.4587216518315102,0.0019006312065248275,4.397801914461652e-05
tianlai_icyl,0.7168777263175397,0.0005686009781044968,62849088,0.09421102779723263,0.20975923594551993,0.016341633568653587,2.0095390862090445e-05
tianlai_icyl,0.7171277184691158,0.0005622198023506511,62851056,0.09421102779723263,0.6278342186538483,0.00552830622054877,6.010482936208428e-05
tianlai_icyl,0.717377710620692,0.0005606818923795036,62851056,0.09421102779723263,1.0461905827726024,0.003330694337559919,0.00010008391691690433
tianlai_icyl,0.7176277027722683,0.0005637179689649555,62858928,0.09409372385160157,0.2377566695784824,0.0036493807625123855,2.2728740850783136e-05
tianlai_icyl,0.7178776949238445,0.0005663210521260543,62866800,0.09405103159720263,0.20889073128546667,0.008278805162356118,1.9954970930796678e-05
tianlai_icyl,0.7181276870754206,0.0005628654993702537,62866800,0.09405103159720263,0.6268932037246066,0.002778880157174934,5.98432031802959e-05
tianlai_icyl,0.7183776792269968,0.0005655938779597102,62870736,0.09396558889812329,0.14947331450643073,0.005806834417985335,1.4258516930848453e-05
tianlai_icyl,0.718627671378573,0.0006400252574663024,62882544,0.09391214773535317,0.00676832072511737,0.11345998471447406,6.451803344770246e-07
tianlai_icyl,0.7188776635301491,0.00056565450249581,62882544,0.09393352784894497,0.6490229683830847,0.002680883997608166,6.182296616090432e-05
tianlai_icyl,0.7191276556817253,0.0005834679074211396,62894352,0.09383727897632563,0.05611714274486614,0.0300988831594884,5.34164450911867e-06
tianlai_icyl,0.7193776478333016,0.0006099108953471362,62906160,0.09379446999646254,0.02386607371463688,0.06778569371328325,2.2701269733749196e-06
tianlai_icyl,0.7196276399848778,0.0005690516652557706,62906160,0.09379446999646254,0.4416293453080477,0.0039309126930502335,4.197753324103326e-05
tianlai_icyl,0.719877632136454,0.0005675773856409735,62906160,0.09379446999646254,0.8596733163548012,0.0020270382906421715,8.165491598353947e-05
tianlai_icyl,0.7201276242880301,0.0005704223909106244,62914032,0.09369807828045117,0.26244915271649116,0.00330745623734401,2.491059167791798e-05
tianlai_icyl,0.7203776164396063,0.0005714794801060423,62921904,0.09366592566470992,0.34133933515343395,0.005083079032454477,3.2375409048185366e-05
tianlai_icyl,0.7206276085911825,0.0005728188882895545,62929776,0.09362303833386053,0.3067675372151729,0.005649930201649844,2.9075585112711688e-05
tianlai_icyl,0.7208776007427586,0.0005786788927429058,62941584,0.09356940152720443,0.15833520553053568,0.010849165858785802,1.4996391523761088e-05
tianlai_icyl,0.7211275928943348,0.0005766945006569717,62947488,0.09353720467993802,0.23590467597224762,0.0036576578957490413,2.232729578292847e-05
tianlai_icyl,0.721377585045911,0.0005785707635120251,62951424,0.09348351862565031,0.08605771954106764,0.010006859274581337,8.139163738624111e-06
tianlai_icyl,0.7216275771974873,0.0005761174103074517,62955360,0.0934512921890849,0.16274213017786718,0.0053212758067967,1.5380852348478857e-05
tianlai_icyl,0.7218775693490634,0.0005775065864609436,62963232,0.09341905463548181,0.2391029335689884,0.007234411981850621,2.2581659021220224e-05
tianlai_icyl,0.7221275615006396,0.0005744390874702846,62963232,0.09341905463548181,0.6568437768868505,0.002650667068653784,6.19902865213462e-05
tianlai_icyl,0.7223775536522158,0.0005872361463515746,62971104,0.09332227515721729,0.048667089059766036,0.017522401078403832,4.58973505973459e-06
tianlai_icyl,0.722627545803792,0.0005757690107385594,62971104,0.09332227515721729,0.466237373549106,0.001867679208349414,4.3938993198530674e-05
tianlai_icyl,0.7228775379553681,0.0005870309216022852,62978976,0.09324693278565972,0.08405920036339942,0.020345613126450737,7.916243103728293e-06
tianlai_icyl,0.7231275301069443,0.0005815119061245732,62990784,0.09323616461970365,0.3871959914701997,0.004464364774128195,3.643809387726682e-05
tianlai_icyl,0.7233775222585206,0.0007478632089218391,63006528,0.09316075260755703,0.00304682607010601,0.22084794893089338,2.865256255174531e-07
tianlai_icyl,0.7236275144100968,0.0005841050563912525,63014400,0.09314997447914615,0.30582240131573973,0.005640878254183749,2.873930012824155e-05
tianlai_icyl,0.7238775065616729,0.0005808077751570194,63014400,0.09314997447914615,0.7234889758383921,0.0024008101644428076,6.794069386920065e-05
tianlai_icyl,0.7241274987132491,0.0005799052436050763,63014400,0.0931930795136046,1.6007799758406176,0.0016320094599783345,0.00015021764465984744
tianlai_icyl,0.7243774908648253,0.0005796597417539239,63014400,0.0931930795136046,2.019332710796789,0.0012958216182675096,0.00018936011530246155
tianlai_icyl,0.7246274830164015,0.0006060674145034288,63022272,0.09296655511242162,0.02079642672808531,0.040174208148619966,1.9487707472592986e-06
tianlai_icyl,0.7248774751679776,0.0005818242569974422,63022272,0.09296655511242162,0.43819143354467416,0.0019884555142126526,4.1032444990804495e-05
tianlai_icyl,0.7251274673195538,0.0005919407657224093,63026208,0.09289092422236354,0.047618779012433624,0.01800685145112637,4.45587837812067e-06
tianlai_icyl,0.72537745947113,0.0007841419397684711,63030144,0.09284767891079151,0.002519272262209931,0.25724618894373874,2.355709950857543e-07
tianlai_icyl,0.7256274516227063,0.0005867216204275007,63038016,0.09283686443531242,0.30411435794800457,0.005703117257687192,2.841681194591661e-05
tianlai_icyl,0.7258774437742824,0.0005857110941948493,63041952,0.09283686443531242,0.7216421169930782,0.002410405081470713,6.738327207009287e-05
tianlai_icyl,0.7261274359258586,0.0005877089698651883,63049824,0.09276112780467118,0.32777093136608604,0.005295705369406447,3.0583876656636866e-05
tianlai_icyl,0.7263774280774348,0.0005871006431844662,63053760,0.09276112780467118,0.7452813436394441,0.002334197066182753,6.949191835356472e-05
tianlai_icyl,0.726627420229011,0.0005904822820753623,63057696,0.09266366117916335,0.11702714895858765,0.007399533464606964,1.0904172333237039e-05
tianlai_icyl,0.7268774123805871,0.0005913981250649444,63065568,0.09263114951410349,0.1851807733490819,0.0046748148033763535,1.7242255829025277e-05
tianlai_icyl,0.7271274045321633,0.000588240553120183,63065568,0.09263114951410349,0.6025390753189662,0.001446150197865062,5.6062904686474124e-05
tianlai_icyl,0.7273773966837396,0.0005995648883888333,63073440,0.09254439590152014,0.0871262756395707,0.019648664888000832,8.100872452537766e-06
tianlai_icyl,0.7276273888353157,0.000606338679606548,63085248,0.09250098858398136,0.037197268346290724,0.022781142756674942,3.456097901796684e-06
tianlai_icyl,0.7278773809868919,0.0005965801472218727,63089184,0.09246841972366167,0.10361976813266423,0.00832211424178653,9.62077431196362e-06
tianlai_icyl,0.7281273731384681,0.0005916338245976907,63089184,0.09246841972366167,0.5208527599647997,0.0016714365287113593,4.832533584318843e-05
tianlai_icyl,0.7283773652900443,0.0026159964842207735,63108864,0.09238151329494643,0.0010195107097159468,0.7735086164643541,9.452447671809416e-08
tianlai_icyl,0.7286273574416204,0.0005966163907067439,63108864,0.09238151329494643,0.4181462859086901,0.008279100731629171,3.8741228615704615e-05
tianlai_icyl,0.7288773495931966,0.0005980673272725118,63112800,0.09231627978324944,0.13096738751651218,0.006600314480500637,1.2125538777704725e-05
tianlai_icyl,0.7291273417447728,0.000610414455157002,63124608,0.09227276515449043,0.07782060352952246,0.02179397374043537,7.199880484379251e-06
tianlai_icyl,0.729377333896349,0.0005969224748901741,63124608,0.09227276515449043,0.49495158720965043,0.0035082233948475847,4.57600304002298e-05
tianlai_icyl,0.7296273260479252,0.0006006646396944917,63132480,0.09220745470736393,0.2054476811887169,0.008409609256938967,1.898094344023049e-05
tianlai_icyl,0.7298773181995014,0.0006135180937443615,63138384,0.09215299397689831,0.032741747070547805,0.02586176366518802,3.0228141490035165e-06
tianlai_icyl,0.7301273103510776,0.0006033009951688004,63142320,0.09212030208419679,0.09543693771367286,0.009033682474721692,8.80479434439696e-06
tianlai_icyl,0.7303773025026538,0.0006040973779163269,63160032,0.09210940220815034,0.3942844151381265,0.009839240688932027,3.635009358940455e-05
tianlai_icyl,0.7306272946542299,0.0006005273000993229,63160032,0.09210940220815034,0.8115559034502392,0.004814357251061349,7.47666019047244e-05
tianlai_icyl,0.7308772868058061,0.0006014231884077198,63163968,0.09210940220815034,1.229105526124555,0.0031778353753526994,0.00011315447383039579
tianlai_icyl,0.7311272789573823,0.0006050291111804676,63167904,0.09196758626228918,0.10541367742434905,0.008196281373446844,9.697794049204345e-06
tianlai_icyl,0.7313772711089586,0.0006045389455697411,63175776,0.09194574901010855,0.2848960533559286,0.006077404626383935,2.6191232604097503e-05
tianlai_icyl,0.7316272632605347,0.0006166399169757735,63187584,0.09189113317576166,0.10751916518415229,0.02370988859700541,9.877544107458891e-06
tianlai_icyl,0.7318772554121109,0.0006154099510583414,63191520,0.09184741712515446,0.048311340950644634,0.01764715949084866,4.435124882073982e-06
tianlai_icyl,0.7321272475636871,0.0006043500733706786,63191520,0.09189113317576166,0.9417697857407653,0.00276843857320898,8.639632277722409e-05
tianlai_icyl,0.7323772397152633,0.0006164537288347184,63199392,0.0917708639273712,0.047382970745689,0.018004444384677003,4.343767913056462e-06
meerkat_b1_interferom,0.4266442145942886,0.046594571643877605,48882768,0.16984134571854273,0.00033501728373955096,0.0005539009278611493,
meerkat_b1_interferom,0.42689419237068293,0.04667320067159978,48900848,0.16984134571854273,0.00033526995871894204,0.0005534708440571968,
meerkat_b1_interferom,0.4271441701470773,0.04675639570938376,48922544,0.16984134571854273,0.00033552276922694716,0.0005529883035718729,
meerkat_b1_interferom,0.4273941479234717,0.046844157415342216,48947856,0.16984134571854273,0.0003357757153031992,0.0005524537191332328,
meerkat_b1_interferom,0.42764412569986604,0.046927579071531826,48969552,0.16984134571854273,0.0003360287969873314,0.0005519722814637637,
meerkat_b1_interferom,0.4278941034762604,0.04702901875591334,49005712,0.16984134571854273,0.00033628201431897816,0.0005512813646825723,
meerkat_b1_interferom,0.42814408125265474,0.04711719025425136,49031024,0.16984134571854273,0.0003365353673377766,0.0005507485719383048,
meerkat_b1_interferom,0.42839405902904915,0.047209983445393545,49059952,0.16984134571854273,0.00033678885608338113,0.000550164007777421,
meerkat_b1_interferom,0.4286440368054435,0.047309650794731206,49094304,0.16984134571854273,0.0003370424805954517,0.0005495019844245887,
meerkat_b1_interferom,0.42889401458183785,0.04740947620028935,49128656,0.16984134571854273,0.0003372962409136495,0.0005488410168412402,
meerkat_b1_interferom,0.4291439923582322,0.04749820326886569,49153968,0.16984134571854273,0.00033755013707763575,0.0005483110159320875,
meerkat_b1_interferom,0.42939397013462655,0.04757353348244708,49168432,0.16984134571854273,0.0003378041691270659,0.0005479373502893972,
meerkat_b1_interferom,0.42964394791102095,0.047667023111630666,49197360,0.16984134571854273,0.00033805833710158636,0.0005473563648557092,
meerkat_b1_interferom,0.4298939256874153,0.04774709859747533,49215440,0.16984134571854273,0.00033831264104084216,0.0005469313674015951,
meerkat_b1_interferom,0.43014390346380965,0.047836334924839005,49240752,0.16984134571854273,0.00033856708098447993,0.0005464032353467381,
meerkat_b1_interferom,0.430393881240204,0.047934794686814775,49273296,0.16357774462618335,0.0003315066942794521,0.0005684732577937885,
meerkat_b1_interferom,0.4306438590165984,0.04802431805741611,49298608,0.16357774462618335,0.0003317538236481208,0.0005679279349735651,
meerkat_b1_interferom,0.43089383679299276,0.048109411121343225,49320304,0.16357774462618335,0.0003320010844364511,0.0005674369988940834,
meerkat_b1_interferom,0.4311438145693871,0.048203751643835654,49349232,0.16357774462618335,0.0003322484766826334,0.0005668391402678718,
meerkat_b1_interferom,0.43139379234578146,0.04829367348870346,49374544,0.16357774462618335,0.0003324960004248591,0.0005662955336568759,
meerkat_b1_interferom,0.4316437701221758,0.04838830209140044,49403472,0.16357774462618335,0.0003327436557013202,0.0005656990235314293,
meerkat_b1_interferom,0.4318937478985702,0.0484899437524552,49437824,0.16357774462618335,0.00033299144255020756,0.0005650232180739956,
meerkat_b1_interferom,0.43214372567496456,0.04857110289382822,49455904,0.16357774462618335,0.0003332393610097129,0.00056458833382639,
meerkat_b1_interferom,0.4323937034513589,0.04866156499444692,49481216,0.16357774462618335,0.00033348741111802904,0.0005640471533685659,
meerkat_b1_interferom,0.43264368122775326,0.04875685336704057,49510272,0.16357774462618335,0.00033373559291334796,0.0005634523074611462,
meerkat_b1_interferom,0.43289365900414767,0.04881994491006579,49513904,0.16357774462618335,0.00033398390643386405,0.0005632310946380408,
meerkat_b1_interferom,0.433143636780542,0.04892477682185052,49550224,0.16357774462618335,0.00033423235171777096,0.0005625302235272619,
meerkat_b1_interferom,0.43339361455693637,0.04903208900589402,49588360,0.16357774462618335,0.000334480928803264,0.0005618040343989778,
meerkat_b1_interferom,0.4336435923333307,0.049114024623136354,49606520,0.16357774462618335,0.0003347296377285384,0.0005613710248591096,
meerkat_b1_interferom,0.4338935701097251,0.04920073743858678,49628312,0.16357774462618335,0.0003349784785317898,0.0005608850970681352,
meerkat_b1_interferom,0.4341435478861195,0.04928291441192541,49646472,0.16357774462618335,0.000335227451251215,0.0005604525607393542,
meerkat_b1_interferom,0.4343935256625138,0.049379191981109724,49675528,0.16357774462618335,0.00033547655592501075,0.0005598616500184583,
meerkat_b1_interferom,0.4346435034389082,0.04947559706348059,49704584,0.16357774462618335,0.0003357257925913748,0.0005592717012073144,
meerkat_b1_interferom,0.4348934812153025,0.049567468129926975,49730008,0.16357774462618335,0.0003359751612885049,0.000558735253973874,
meerkat_b1_interferom,0.43514345899169693,0.04968053169066798,49771776,0.16357774462618335,0.00033622466205459993,0.0005579627797917598,
meerkat_b1_interferom,0.4353934367680913,0.04975859357880902,49786304,0.16357774462618335,0.0003364742949278591,0.0005575858629692538,
meerkat_b1_interferom,0.43564341454448563,0.04985084150504639,49811728,0.16357774462618335,0.00033672405994648175,0.0005570516641746461,
meerkat_b1_interferom,0.43589339232088,0.04994791257440639,49840784,0.16357774462618335,0.0003369739571486687,0.0005564658014031508,
meerkat_b1_interferom,0.4361433700972744,0.05002155225831886,49851680,0.16357774462618335,0.00033722398657262063,0.0005561427027886606,
meerkat_b1_interferom,0.43639334787366874,0.05012358393718607,49884368,0.16357774462618335,0.0003374741482565391,0.000555505816691139,
meerkat_b1_interferom,0.4366433256500631,0.05020683455033121,49902528,0.16357774462618335,0.0003377244422386256,0.0005550791824169219,
meerkat_b1_interferom,0.43689330342645744,0.050299668906172705,49927952,0.16357774462618335,0.00033797486855708314,0.0005545483817813363,
meerkat_b1_interferom,0.4371432812028518,0.05037838352996822,49942480,0.16357774462618335,0.00033822542725011435,0.0005541749146319861,
meerkat_b1_interferom,0.4373932589792462,0.05047617542968029,49971536,0.16357774462618335,0.00033847611835592336,0.0005535934055843761,
meerkat_b1_interferom,0.43764323675564054,0.05057885896268491,50004224,0.16357774462618335,0.0003387269419127138,0.0005529607618625661,
meerkat_b1_interferom,0.4378932145320349,0.05068406442804104,50038728,0.16357774462618335,0.0003389778979586909,0.0005523032986906658,
meerkat_b1_interferom,0.43814319230842924,0.050772706163218204,50060520,0.16357774462618335,0.00033922898653205945,0.0005518286247662435,
meerkat_b1_interferom,0.43839317008482365,0.050868608839257916,50087760,0.16357774462618335,0.00033948020767102526,0.0005512770046278208,
meerkat_b1_interferom,0.438643147861218,0.05132658317323945,50449120,0.16357774462618335,0.00033973156141379503,0.0005498252601621045,
meerkat_b1_interferom,0.43889312563761235,0.051406483472952055,50463712,0.16357774462618335,0.0003399830477985752,0.000549457139150579,
meerkat_b1_interferom,0.4391431034140067,0.051496147335931455,50485664,0.16357774462618335,0.0003402346668635738,0.0005489861526440583,
meerkat_b1_interferom,0.43939308119040105,0.05158111166024479,50503984,0.16357774462618335,0.0003404864186469983,0.0005485668766764735,
meerkat_b1_interferom,0.43964305896679545,0.05168557637327103,50536960,0.16357774462618335,0.0003407383031870577,0.0005479422669982857,
meerkat_b1_interferom,0.4398930367431898,0.051770735338540125,50555280,0.16357774462618335,0.0003409903205219608,0.0005475243749611259,
meerkat_b1_interferom,0.44014301451958415,0.05186573148953458,50580928,0.16357774462618335,0.00034124247068991707,0.0005470041847415007,
meerkat_b1_interferom,0.4403929922959785,0.051960816577355004,50606576,0.16357774462618335,0.00034149475372913696,0.0005464850581755255,
meerkat_b1_interferom,0.4406429700723729,0.052065775984919196,50639552,0.16357774462618335,0.00034174716967783146,0.0005458643814887427,
meerkat_b1_interferom,0.44089294784876726,0.05214642097571566,50654208,0.16357774462618335,0.0003419997185742114,0.0005455005317004298,
meerkat_b1_interferom,0.4411429256251616,0.052236926562995,50676192,0.16357774462618335,0.0003422524004564885,0.0005450349978455437,
meerkat_b1_interferom,0.44139290340155596,0.05233733397465264,50705504,0.16357774462618335,0.00034250521536287565,0.0005444681415823709,
meerkat_b1_interferom,0.4416428811779503,0.05244522123543584,50740312,0.16357774462618335,0.0003427581633315855,0.0005438259790961985,
meerkat_b1_interferom,0.4418928589543447,0.05252621003374567,50754968,0.16357774462618335,0.00034301124440083144,0.0005434647122227014,
meerkat_b1_interferom,0.44214283673073906,0.05263190670745861,50787944,0.16357774462618335,0.0003432644586088275,0.0005428496941446837,
meerkat_b1_interferom,0.4423928145071334,0.0527278609655456,50813592,0.16357774462618335,0.0003435178059937886,0.0005423374241560264,
meerkat_b1_interferom,0.44264279228352776,0.05281157330446665,50830080,0.16357774462618335,0.00034377128659392924,0.0005419527073573221,
meerkat_b1_interferom,0.44289277005992217,0.052907722230132695,50855728,0.16357774462618335,0.00034402490044746503,0.0005414420003492232,
meerkat_b1_interferom,0.4431427478363165,0.0529891185005296,50870384,0.16357774462618335,0.00034427864759261246,0.0005410838410239439,
meerkat_b1_interferom,0.44339272561271087,0.05307553986452633,50888704,0.16357774462618335,0.00034453252806758785,0.0005406756791979354,
meerkat_b1_interferom,0.4436427033891052,0.05318192961056567,50921680,0.16357774462618335,0.0003447865419106092,0.0005400660815948208,
meerkat_b1_interferom,0.4438926811654996,0.053273507303574594,50943664,0.16357774462618335,0.000345040689159894,0.0005396090014567353,
meerkat_b1_interferom,0.444142658941894,0.0533651766959224,50965648,0.16357774462618335,0.00034529496985366104,0.0005391526567137933,
meerkat_b1_interferom,0.4443926367182883,0.053451944627746495,50983968,0.16357774462618335,0.0003455493840301291,0.0005387473676884227,
meerkat_b1_interferom,0.4446426144946827,0.05355879627176128,51016944,0.16357774462618335,0.00034580393172751686,0.0005381416145446537,
meerkat_b1_interferom,0.444892592271077,0.053683302276331606,51062744,0.15732004829686094,0.00033830335110541685,0.0005597138181523728,
meerkat_b1_interferom,0.44514257004747143,0.05377036188175477,51081064,0.15732004829686094,0.0003385503154336494,0.0005592979701953512,
meerkat_b1_interferom,0.4453925478238658,0.0538625232671837,51103048,0.15732004829686094,0.00033879740861345606,0.0005588306295912268,
meerkat_b1_interferom,0.44564252560026013,0.053939685544868166,51114040,0.15732004829686094,0.00033904463068159645,0.0005585202504193514,
meerkat_b1_interferom,0.4458925033766545,0.05402193792548836,51128696,0.15732004829686094,0.000339291981674833,0.000558158260846383,
meerkat_b1_interferom,0.4461424811530489,0.05412960951301396,51161816,0.15732004829686094,0.00033953946162992794,0.0005575355296532808,
meerkat_b1_interferom,0.44639245892944324,0.054207013722589806,51172856,0.15732004829686094,0.000339787070583644,0.00055722633231302,
meerkat_b1_interferom,0.4466424367058376,0.05429461770105745,51191256,0.15732004829686094,0.00034003480857274415,0.0005568134926210962,
